<?xml version="1.0"?>
<AUTORIZACION>
<CAF version="1.0">
<DA>
<RE>14438378-8</RE>
<RS>LEINA ANDRAWES BOULES HEJAZEEN</RS>
<TD>39</TD>
<RNG><D>1</D><H>5</H></RNG>
<FA>2022-12-15</FA>
<RSAPK><M>mN+JcrmL+Llgfuy7kXsqEPaXIGN1G+IGwChAug95PwPy32DNnuyfoq8TO6eB+qsH3+HiOQVvFzXdxZAtQ1qPbw==</M><E>Aw==</E></RSAPK>
<IDK>100</IDK>
</DA>
<FRMA algoritmo="SHA1withRSA">wh5EpyvUQ4sn2g7yD2RBD5wcA3dX+BZNmrShaTz4PXn7GGAebpzdyVPXHlPvKIYeIMdn5Lf5hyh2AgVSCGp+mw==</FRMA>
</CAF>
<RSASK>-----BEGIN RSA PRIVATE KEY-----
MIIBOQIBAAJBAJjfiXK5i/i5YH7su5F7KhD2lyBjdRviBsAoQLoPeT8D8t9gzZ7s
n6KvEzungfqrB9/h4jkFbxc13cWQLUNaj28CAQMCQGXqW6HRB/smQFSd0mD8xrX5
uhWXo2fsBIAa1dFfpioBmhlizI1rSddeeMy/s7d8llXE2a/2Ti6b3nwAiDv/iKsC
IQDJk6GtsmecS8NsVCb+8F0oe1EuKLQ66nRYV23r7TitgQIhAMIlqu0YZBST3fG0
YPV3Ev3j6W2IX77m17e0IXT8IpTvAiEAhmJrySGaaDKCSDgZ/0roxaeLdBsi0fGi
5Y+enUjQc6sCIQCBbnHzZZgNt+lLzZX4+gypQpueWup/RI/PzWujUsG4nwIgfHgc
+Z5dRdVN7uGWIInbjKSlQkBJRYWvJUy8IDJKm1Q=
-----END RSA PRIVATE KEY-----
</RSASK>

<RSAPUBK>-----BEGIN PUBLIC KEY-----
MFowDQYJKoZIhvcNAQEBBQADSQAwRgJBAJjfiXK5i/i5YH7su5F7KhD2lyBjdRvi
BsAoQLoPeT8D8t9gzZ7sn6KvEzungfqrB9/h4jkFbxc13cWQLUNaj28CAQM=
-----END PUBLIC KEY-----
</RSAPUBK>
</AUTORIZACION>
