<?xml version="1.0"?>
<AUTORIZACION>
<CAF version="1.0">
<DA>
<RE>77467908-1</RE>
<RS>COMERCIALIZADORA RUBY DONOSO  E.I.R.L.</RS>
<TD>61</TD>
<RNG><D>21</D><H>21</H></RNG>
<FA>2022-12-15</FA>
<RSAPK><M>wtmNisobo/GJNtpsoyz6bbMKGAyebQ8aPskdHAqJkGBxhoRhsqtND5cwRBuLu34LstsgrwiyoVMtGq1Ic1EnNQ==</M><E>Aw==</E></RSAPK>
<IDK>300</IDK>
</DA>
<FRMA algoritmo="SHA1withRSA">WcswR6NfuSkTj2bBo6VXbnCyyWvzSicCuSKsTgCaQm05MHNuLwtXTlVmJItz99i4Fcrzf8HCvggN5br1h40ciQ==</FRMA>
</CAF>
<RSASK>-----BEGIN RSA PRIVATE KEY-----
MIIBOgIBAAJBAMLZjYrKG6PxiTbabKMs+m2zChgMnm0PGj7JHRwKiZBgcYaEYbKr
TQ+XMEQbi7t+C7LbIK8IsqFTLRqtSHNRJzUCAQMCQQCB5l5chr0X9lt55vMXc1Ge
d1wQCGmeChF/ML4SsbEK6cx8EzP9ZXXUvys/DaWfJHqwv9EwkQP+ly18G/pkJAZr
AiEA5HcKQbeaMFDu3zvn3TgphUSxSKUdUyny42e5xbTOX/0CIQDaVV1R/vjr/4mQ
KZ82FJ3OZQoeQRHZeX2FeMmLKEy9mQIhAJhPXCvPvCA19JTSmpN6xljYdjBuE4zG
oezv0S54iZVTAiEAkY4+Nqn7R/+xCsZqJA2+iZixaYC2kPupA6Xbshrd07sCIGDT
XzR53BYiUVGU5+Tg0J0cHDSVAUPQlPedcnzh4GXA
-----END RSA PRIVATE KEY-----
</RSASK>

<RSAPUBK>-----BEGIN PUBLIC KEY-----
MFowDQYJKoZIhvcNAQEBBQADSQAwRgJBAMLZjYrKG6PxiTbabKMs+m2zChgMnm0P
Gj7JHRwKiZBgcYaEYbKrTQ+XMEQbi7t+C7LbIK8IsqFTLRqtSHNRJzUCAQM=
-----END PUBLIC KEY-----
</RSAPUBK>
</AUTORIZACION>
