<?xml version="1.0"?>
<AUTORIZACION>
<CAF version="1.0">
<DA>
<RE>77467908-1</RE>
<RS>COMERCIALIZADORA RUBY DONOSO  E.I.R.L.</RS>
<TD>33</TD>
<RNG><D>98</D><H>131</H></RNG>
<FA>2022-11-22</FA>
<RSAPK><M>6wdyOXmth57Aq1905TI07XaRS0pdi1a2sVqp/n5sRqj9lHQM4zZjkHALJGhNwrAXQ7Hxsa0qtp5xImNWH222tw==</M><E>Aw==</E></RSAPK>
<IDK>300</IDK>
</DA>
<FRMA algoritmo="SHA1withRSA">JP51/fIK6HGkjvWk7wj6drzP86wRDCXwO4OmYXdrL1MvEYnT/yVaTB1UiqKqgpAzbq9WmB0g0vgrlLs6sBMRRQ==</FRMA>
</CAF>
<RSASK>-----BEGIN RSA PRIVATE KEY-----
MIIBOgIBAAJBAOsHcjl5rYeewKtfdOUyNO12kUtKXYtWtrFaqf5+bEao/ZR0DOM2
Y5BwCyRoTcKwF0Ox8bGtKraecSJjVh9ttrcCAQMCQQCcr6F7pnOvvysc6k3uIXie
TwuHhukHjyR2PHFUVEgvGgyh+ZtKT9tjvDcTutlZWP5/MtDSfZQ5YPhlNtrutlSb
AiEA+M8ZU2rb3mXtZTFL4655DFDsFBa9EKJbSyR2XcWpXKUCIQDx0mRQiOK8FOhT
VYQkDjGNM/mkXzO7vjGxZhqv87LbKwIhAKXfZjeckpRD85jLh+0e+12LSA1kfgsW
54dtpD6Dxj3DAiEAoTbtiwXsfWNFjOOtbV7Ls3f7wuoifSl2dkQRyqJ3PMcCICVY
K2tBB1mUYMjqpkW/DtyUR783HoUoFDnhYyfNYQG7
-----END RSA PRIVATE KEY-----
</RSASK>

<RSAPUBK>-----BEGIN PUBLIC KEY-----
MFowDQYJKoZIhvcNAQEBBQADSQAwRgJBAOsHcjl5rYeewKtfdOUyNO12kUtKXYtW
trFaqf5+bEao/ZR0DOM2Y5BwCyRoTcKwF0Ox8bGtKraecSJjVh9ttrcCAQM=
-----END PUBLIC KEY-----
</RSAPUBK>
</AUTORIZACION>
