<?xml version="1.0"?>
<AUTORIZACION>
<CAF version="1.0">
<DA>
<RE>77467908-1</RE>
<RS>COMERCIALIZADORA RUBY DONOSO  E.I.R.L.</RS>
<TD>56</TD>
<RNG><D>1</D><H>4</H></RNG>
<FA>2022-12-15</FA>
<RSAPK><M>2qn3jvzMq3ysUfeU3HOFUAS4BW02XIgmVUSQE9zMJzn3SxL/+D7u+YWJ4lY4ZOMVamiiRR2plh9NmhDgTuJJOQ==</M><E>Aw==</E></RSAPK>
<IDK>300</IDK>
</DA>
<FRMA algoritmo="SHA1withRSA">jC14/PtuFHDu9IrwumverqF35oQD7lzKajcyoHfGxb7815VWAe+26Srs+hIaNBJ1gJJONUDRMdKTD3dJAXQuoQ==</FRMA>
</CAF>
<RSASK>-----BEGIN RSA PRIVATE KEY-----
MIIBOwIBAAJBANqp9478zKt8rFH3lNxzhVAEuAVtNlyIJlVEkBPczCc590sS//g+
7vmFieJWOGTjFWpookUdqZYfTZoQ4E7iSTkCAQMCQQCRxqUJ/d3HqHLhT7iS9641
WHquSM7oWsQ42GANPd1ver4S3yr4Iitrbd3Ga219IsZZWF1BbZDawR3knMAMY6uj
AiEA/GY/r1/Ry8P3lNEE+QdR84Rov5uBM4iV/oKhDonNA58CIQDdyISQJDniFGko
Z7AbIdz4X/tWx3gcxWeiQISxsn/EJwIhAKhEKnTqi90tT7iLWKYE4U0C8H+9AM0F
uVRXFgmxM1e/AiEAk9sDCsLRQWLwxZp1Z2vopZVSOdpQEy5FFtWty8xVLW8CIQCK
cJxf/a/iEdHwHalWTD6BFJIpv0pcoaJ6PJgSvji5aA==
-----END RSA PRIVATE KEY-----
</RSASK>

<RSAPUBK>-----BEGIN PUBLIC KEY-----
MFowDQYJKoZIhvcNAQEBBQADSQAwRgJBANqp9478zKt8rFH3lNxzhVAEuAVtNlyI
JlVEkBPczCc590sS//g+7vmFieJWOGTjFWpookUdqZYfTZoQ4E7iSTkCAQM=
-----END PUBLIC KEY-----
</RSAPUBK>
</AUTORIZACION>
