<?xml version="1.0" encoding="ISO-8859-1" standalone="no"?>
<DTE version="1.0">
<Documento ID="DOC45">
<Encabezado>
<IdDoc>
<TipoDTE>33</TipoDTE>
<Folio>45</Folio>
<FchEmis>2022-12-13</FchEmis>
</IdDoc>
<Emisor>
<RUTEmisor>76782957-4</RUTEmisor>
<RznSoc>COMERCIAL EL SURENO SPA</RznSoc>
<GiroEmis>VENTA DE HUEVOS</GiroEmis>
<Telefono>975883420</Telefono>
<Acteco>463019</Acteco>
<DirOrigen>quillay 467 villa presidente rio </DirOrigen>
<CmnaOrigen>TALCAHUANO</CmnaOrigen>
<CiudadOrigen>CONCEPCION</CiudadOrigen>
</Emisor>
<Receptor>
<RUTRecep>77813960-K</RUTRecep>
<RznSocRecep>AMULEN CONSULTORES LTDA</RznSocRecep>
<GiroRecep>GIRO RECEPTOR</GiroRecep>
<DirRecep>URMENETA 305 OFICINA 513</DirRecep>
<CmnaRecep>PUERTO MONTT</CmnaRecep>
<CiudadRecep>PUERTO MONTT</CiudadRecep>
</Receptor>
<Totales>
<MntNeto>920771</MntNeto>
<MntExe>13586</MntExe>
<TasaIVA>19</TasaIVA>
<IVA>174946</IVA>
<MntTotal>1109303</MntTotal>
</Totales>
</Encabezado>
<Detalle>
<NroLinDet>1</NroLinDet>
<CdgItem>
<TpoCodigo>INT</TpoCodigo>
<VlrCodigo>26</VlrCodigo>
</CdgItem>
<NmbItem>ITEM 1 AFECTO</NmbItem>
<DscItem>ITEM 1 AFECTO</DscItem>
<QtyItem>214</QtyItem>
<UnmdItem>UN</UnmdItem>
<PrcItem>3365</PrcItem>
<MontoItem>720110</MontoItem>
</Detalle>
<Detalle>
<NroLinDet>2</NroLinDet>
<CdgItem>
<TpoCodigo>INT</TpoCodigo>
<VlrCodigo>23</VlrCodigo>
</CdgItem>
<NmbItem>ITEM 2 AFECTO</NmbItem>
<DscItem>ITEM 2 AFECTO</DscItem>
<QtyItem>91</QtyItem>
<UnmdItem>UN</UnmdItem>
<PrcItem>3717</PrcItem>
<MontoItem>338247</MontoItem>
</Detalle>
<Detalle>
<NroLinDet>3</NroLinDet>
<CdgItem>
<TpoCodigo>INT</TpoCodigo>
<VlrCodigo>25</VlrCodigo>
</CdgItem>
<IndExe>1</IndExe>
<NmbItem>ITEM 3 SERVICIO EXENTO</NmbItem>
<DscItem>ITEM 3 SERVICIO EXENTO</DscItem>
<QtyItem>2</QtyItem>
<UnmdItem>UN</UnmdItem>
<PrcItem>6793</PrcItem>
<MontoItem>13586</MontoItem>
</Detalle>
<DscRcgGlobal>
<NroLinDR>1</NroLinDR>
<TpoMov>D</TpoMov>
<GlosaDR>Porcentaje Variable</GlosaDR>
<TpoValor>%</TpoValor>
<ValorDR>13</ValorDR>
</DscRcgGlobal>
</Documento>
</DTE>
