<?xml version="1.0" encoding="ISO-8859-1"?>
<DTE version="1.0">
<Documento ID="DOC56">
<Encabezado>
<IdDoc>
<TipoDTE>61</TipoDTE>
<Folio>18</Folio>
<FchEmis>2022-12-12</FchEmis>
</IdDoc>
<Emisor>
<RUTEmisor>76782957-4</RUTEmisor>
<RznSoc>COMERCIAL EL SURENO SPA</RznSoc>
<GiroEmis>VENTA DE HUEVOS</GiroEmis>
<Telefono>975883420</Telefono>
<Acteco>463019</Acteco>
<DirOrigen>quillay 467 villa presidente rio </DirOrigen>
<CmnaOrigen>TALCAHUANO</CmnaOrigen>
<CiudadOrigen>CONCEPCION</CiudadOrigen>
</Emisor>
<Receptor>
<RUTRecep>77813960-K</RUTRecep>
<RznSocRecep>AMULEN CONSULTORES LTDA</RznSocRecep>
<GiroRecep>GIRO RECEPTOR</GiroRecep>
<DirRecep>URMENETA 305 OFICINA 513</DirRecep>
<CmnaRecep>PUERTO MONTT</CmnaRecep>
<CiudadRecep>PUERTO MONTT</CiudadRecep>
</Receptor>
<Totales>
<MntTotal>0</MntTotal>
</Totales>
</Encabezado>
<Detalle>
<NroLinDet>1</NroLinDet>
<NmbItem>CORRECCION DATO</NmbItem>
<MontoItem>0</MontoItem>
</Detalle>
<Referencia>
<NroLinRef>1</NroLinRef>
<TpoDocRef>33</TpoDocRef>
<FolioRef>55</FolioRef>
<FchRef>2022-12-13</FchRef>
<CodRef>2</CodRef>
<RazonRef>CORRIGE GIRO DEL RECEPTOR</RazonRef>
</Referencia>
</Documento>
</DTE>