<?xml version="1.0" encoding="ISO-8859-1"?>
<LibroCompraVenta xmlns="http://www.sii.cl/SiiDte" xmlns:xsi="http://www.w3.org/2001/XMLSchema-instance" version="1.0" xsi:schemaLocation="http://www.sii.cl/SiiDte LibroCV_v10.xsd">
<EnvioLibro ID="DOC1">
   <Caratula>
      <RutEmisorLibro>76782957-4</RutEmisorLibro>
      <RutEnvia>12535293-6</RutEnvia>
      <PeriodoTributario>2022-12</PeriodoTributario>
      <FchResol>2022-12-07</FchResol>
      <NroResol>0</NroResol>
      <TipoOperacion>COMPRA</TipoOperacion>
      <TipoLibro>MENSUAL</TipoLibro>
      <TipoEnvio>TOTAL</TipoEnvio>
   </Caratula>
   <ResumenPeriodo>
      <TotalesPeriodo>
         <TpoDoc>33</TpoDoc>
         <TotDoc>2</TotDoc>
	     <TotMntExe>11032</TotMntExe>
         <TotMntNeto>25183</TotMntNeto>
         <TotMntIVA>2390</TotMntIVA>
         <TotIVANoRec>
            <CodIVANoRec>4</CodIVANoRec>
            <TotOpIVANoRec>1</TotOpIVANoRec>
            <TotMntIVANoRec>2395</TotMntIVANoRec>
         </TotIVANoRec>
         <TotIVAFueraPlazo>0</TotIVAFueraPlazo>
         <TotMntTotal>41000</TotMntTotal>
      </TotalesPeriodo>
      <TotalesPeriodo>
         <TpoDoc>46</TpoDoc>
         <TotDoc>1</TotDoc>
         <TotMntExe>0</TotMntExe>
         <TotMntNeto>10868</TotMntNeto>
         <TotMntIVA>2065</TotMntIVA>
         <TotIVAFueraPlazo>0</TotIVAFueraPlazo>
         <TotOtrosImp>
            <CodImp>15</CodImp>
            <TotMntImp>2065</TotMntImp>
         </TotOtrosImp>
         <TotMntTotal>10868</TotMntTotal>
      </TotalesPeriodo>
      <TotalesPeriodo>
         <TpoDoc>60</TpoDoc>
         <TotDoc>2</TotDoc>
         <TotMntExe>0</TotMntExe>
         <TotMntNeto>13051</TotMntNeto>
         <TotMntIVA>2479</TotMntIVA>
         <TotIVAFueraPlazo>0</TotIVAFueraPlazo>
         <TotMntTotal>15530</TotMntTotal>
      </TotalesPeriodo>
      <TotalesPeriodo>
         <TpoDoc>30</TpoDoc>
         <TotDoc>2</TotDoc>
         <TotMntExe>0</TotMntExe>
         <TotMntNeto>90637</TotMntNeto>
         <TotMntIVA>11472</TotMntIVA>
         <TotOpIVAUsoComun>1</TotOpIVAUsoComun>
         <TotIVAUsoComun>5749</TotIVAUsoComun>
         <FctProp>0.6</FctProp>
         <TotCredIVAUsoComun>3449</TotCredIVAUsoComun>
         <TotIVAFueraPlazo>0</TotIVAFueraPlazo>
         <TotMntTotal>107858</TotMntTotal>
      </TotalesPeriodo>
   </ResumenPeriodo>
   <Detalle>
      <TpoDoc>33</TpoDoc>
      <NroDoc>32</NroDoc>
      <TpoImp>1</TpoImp>
      <TasaImp>19.00</TasaImp>
      <FchDoc>2022-12-12</FchDoc>
      <RUTDoc>78885550-8</RUTDoc>
      <RznSoc>PC FACTORY S.A.</RznSoc>
      <MntExe>11032</MntExe>
      <MntNeto>12577</MntNeto>
      <MntIVA>2390</MntIVA>
      <MntTotal>25999</MntTotal>
   </Detalle>
   <Detalle>
      <TpoDoc>33</TpoDoc>
      <NroDoc>67</NroDoc>
      <TpoImp>1</TpoImp>
      <TasaImp>19.00</TasaImp>
      <FchDoc>2022-12-12</FchDoc>
      <RUTDoc>78885550-8</RUTDoc>
      <RznSoc>PC FACTORY S.A</RznSoc>
      <MntExe>0</MntExe>
      <MntNeto>12606</MntNeto>
      <IVANoRec>
         <CodIVANoRec>4</CodIVANoRec>
         <MntIVANoRec>2395</MntIVANoRec>
      </IVANoRec>
      <MntTotal>15001</MntTotal>
   </Detalle>
   <Detalle>
      <TpoDoc>30</TpoDoc>
      <NroDoc>234</NroDoc>
      <TpoImp>1</TpoImp>
      <TasaImp>19.00</TasaImp>
      <FchDoc>2022-12-12</FchDoc>
      <RUTDoc>78885550-8</RUTDoc>
      <RznSoc>PC FACTORY S.A</RznSoc>
      <MntExe>0</MntExe>
      <MntNeto>60381</MntNeto>
      <MntIVA>11472</MntIVA>
      <MntTotal>71853</MntTotal>
   </Detalle>
   <Detalle>
      <TpoDoc>30</TpoDoc>
      <NroDoc>781</NroDoc>
      <TpoImp>1</TpoImp>
      <TasaImp>19.00</TasaImp>
      <FchDoc>2022-12-12</FchDoc>
      <RUTDoc>78885550-8</RUTDoc>
      <RznSoc>PC FACTORY S.A</RznSoc>
      <MntExe>0</MntExe>
      <MntNeto>30256</MntNeto>
      <IVAUsoComun>5749</IVAUsoComun>
      <MntTotal>36005</MntTotal>
   </Detalle>
   <Detalle>
      <TpoDoc>46</TpoDoc>
      <NroDoc>9</NroDoc>
      <TpoImp>1</TpoImp>
      <TasaImp>19.00</TasaImp>
      <FchDoc>2022-12-12</FchDoc>
      <RUTDoc>78885550-8</RUTDoc>
      <RznSoc>PC FACTORY S.A</RznSoc>
      <MntExe>0</MntExe>
      <MntNeto>10868</MntNeto>
      <MntIVA>2065</MntIVA>
      <OtrosImp>
         <CodImp>15</CodImp>
         <TasaImp>19.0</TasaImp>
         <MntImp>2065</MntImp>
      </OtrosImp>
      <MntTotal>10868</MntTotal>
   </Detalle>
   <Detalle>
      <TpoDoc>60</TpoDoc>
      <NroDoc>211</NroDoc>
      <TpoImp>1</TpoImp>
      <TasaImp>19.00</TasaImp>
      <FchDoc>2022-12-12</FchDoc>
      <RUTDoc>78885550-8</RUTDoc>
      <RznSoc>PC FACTORY S.A</RznSoc>
      <MntExe>0</MntExe>
      <MntNeto>10076</MntNeto>
      <MntIVA>1914</MntIVA>
      <MntTotal>11990</MntTotal>
   </Detalle>
   <Detalle>
      <TpoDoc>60</TpoDoc>
      <NroDoc>451</NroDoc>
      <TpoImp>1</TpoImp>
      <TasaImp>19.00</TasaImp>
      <FchDoc>2022-12-12</FchDoc>
      <RUTDoc>78885550-8</RUTDoc>
      <RznSoc>PC FACTORY S.A.</RznSoc>
      <MntExe>0</MntExe>
      <MntNeto>2975</MntNeto>
      <MntIVA>565</MntIVA>
      <MntTotal>3540</MntTotal>
   </Detalle>
   <TmstFirma>2022-12-12T23:48:00</TmstFirma>
</EnvioLibro>
</LibroCompraVenta>
