<Recibo version="1.0">
<DocumentoRecibo ID="DOCRECIBO">
<TipoDoc>33</TipoDoc>
<Folio>52549</Folio>
<FchEmis>2022-12-13</FchEmis>
<RUTEmisor>88888888-8</RUTEmisor>
<RUTRecep>76782957-4</RUTRecep>
<MntTotal>15368</MntTotal>
<Recinto>CASA MATRIZ</Recinto>
<RutFirma>12535293-6</RutFirma>
<Declaracion>El acuse de recibo que se declara en este acto, de acuerdo a lo dispuesto en la letra b) del Art. 4, y la letra c) del Art. 5 de la Ley 19.983, acredita que la entrega de mercaderias o servicio(s) prestado(s) ha(n) sido recibido(s).</Declaracion>
<TmstFirmaRecibo>2022-12-13T02:06:00</TmstFirmaRecibo>
</DocumentoRecibo>
</Recibo>