<?xml version="1.0" encoding="ISO-8859-1" standalone="no"?>
<RespuestaDTE xmlns="http://www.sii.cl/SiiDte" xmlns:xsi="http://www.w3.org/2001/XMLSchema-instance" version="1.0" xsi:schemaLocation="http://www.sii.cl/SiiDte RespuestaEnvioDTE_v10.xsd">
                <Resultado ID="R_ENVIO">
                    <Caratula version="1.0">
                        <RutResponde>76782957-4</RutResponde>
                        <RutRecibe>88888888-8</RutRecibe>
                        <IdRespuesta>1</IdRespuesta>
                        <NroDetalles>1</NroDetalles>
                        <NmbContacto>FRANCISCO PULGAR</NmbContacto>
                        <MailContacto>eguenul37@mail.com</MailContacto>
                        <TmstFirmaResp>2022-12-13T01:14:00</TmstFirmaResp>
                    </Caratula>
                    <RecepcionEnvio>
                        <NmbEnvio>ENVIO_DTE_3476985</NmbEnvio>
                        <FchRecep>2022-12-13T01:11:07</FchRecep>
                        <CodEnvio>4545</CodEnvio>
                        <EnvioDTEID>SetDoc</EnvioDTEID>
                        <RutEmisor>88888888-8</RutEmisor>
                        <RutReceptor>76782957-4</RutReceptor>
                        <EstadoRecepEnv>0</EstadoRecepEnv>
                        <RecepEnvGlosa>Env�o recibido conforme.</RecepEnvGlosa>
                        <NroDTE>2</NroDTE>
                        <RecepcionDTE>
                            <TipoDTE>33</TipoDTE>
                            <Folio>52549</Folio>
                            <FchEmis>2022-12-13</FchEmis>
                            <RUTEmisor>88888888-8</RUTEmisor>
                            <RUTRecep>76782957-4</RUTRecep>
                            <MntTotal>15368</MntTotal>
                            <EstadoRecepDTE>0</EstadoRecepDTE>
                            <RecepDTEGlosa>DTE Recibido OK.</RecepDTEGlosa>
                        </RecepcionDTE>
						<RecepcionDTE>
                            <TipoDTE>33</TipoDTE>
                            <Folio>52550</Folio>
                            <FchEmis>2013-06-21</FchEmis>
                            <RUTEmisor>88888888-8</RUTEmisor>
                            <RUTRecep>69507000-4</RUTRecep>
                            <MntTotal>21318</MntTotal>
                            <EstadoRecepDTE>3</EstadoRecepDTE>
                            <RecepDTEGlosa>DTE No Recibido - Error en RUT Receptor.</RecepDTEGlosa>
                        </RecepcionDTE>
                       </RecepcionEnvio>
                </Resultado>
    </RespuestaDTE>