<?xml version="1.0" encoding="ISO-8859-1"?>
<RespuestaDTE xmlns="http://www.sii.cl/SiiDte" xmlns:xsi="http://www.w3.org/2001/XMLSchema-instance" version="1.0" xsi:schemaLocation="http://www.sii.cl/SiiDte RespuestaEnvioDTE_v10.xsd">
<Resultado ID="R_001">
<Caratula version="1.0">
                    <RutResponde>76782957-4</RutResponde>
                    <RutRecibe>88888888-8</RutRecibe>
                    <IdRespuesta>1</IdRespuesta>
                    <NroDetalles>1</NroDetalles>
                    <NmbContacto>FRANCISCO PULGA</NmbContacto>
                    <MailContacto>eguenul37@gmail.com</MailContacto>
                    <TmstFirmaResp>2022-12-13T01:55:00</TmstFirmaResp>
                </Caratula>
                <ResultadoDTE>
                    <TipoDTE>33</TipoDTE>
                    <Folio>52549</Folio>
                    <FchEmis>2022-12-13</FchEmis>
                    <RUTEmisor>88888888-8</RUTEmisor>
                    <RUTRecep>76782957-4</RUTRecep>
                    <MntTotal>15368</MntTotal>
                    <CodEnvio>1</CodEnvio>
                    <EstadoDTE>0</EstadoDTE>
                    <EstadoDTEGlosa>PRUEBA</EstadoDTEGlosa>
                    <CodRchDsc>-1</CodRchDsc>
                </ResultadoDTE>
            </Resultado>
</RespuestaDTE>