{"emisor":{"rutemisor":"76903226-6","rsemisor":"FERRETERIA VENTA","giroemisor":"VENTA DE MOTOCI","actecoemisor":454001,"diremisor":"Valparaiso 1293 , Dpto. 6 Villa Alemana","cmnaemisor":"VILLA ALEMANA","ciuemisor":"VILLA ALEMANA","fecharesol":"2014-08-22","numresol":"0","codsiisucur":"1","rutenvia":"25880815-0"},"receptor":{"rutreceptor":"77216921-3","rsreceptor":"ANDAS EQUIPAMIENTO D","giroreceptor":"FABRICACION DE","dirreceptor":"NA","cmnareceptor":"villa alemana","ciureceptor":"villa alemana"},"iddoc":{"tipodte":"33","numdte":2954,"fechaemision":"2022-12-13","frmapago":"1"},"referencia":{"codref":"0","razonref":"NO APLICA","numref":"1","TpoDocRef":"33","folioref":"1","fecharef":"2022-12-13"},"totales":{"montoafecto":252,"montoexento":0,"montoiva":47,"tasaiva":"19","montototal":300},"detalle":[{"nrolinea":1,"tpocodigo":"INT","indexe":"0","vlrcodigo":"12222","nmbitem":"BUJE CORTO 25X20MM B","qtyitem":"1","prcitem":"252","montoitem":"252","descuentopct":"0","descuentomonto":"0"}]}
