<?xml version="1.0" encoding="ISO-8859-1" standalone="no"?>
<DTE version="1.0">
<Documento ID="DOC1">
<Encabezado>
<IdDoc>
<TipoDTE>33</TipoDTE>
<Folio>141</Folio>
<FchEmis>2022-09-09</FchEmis>
</IdDoc>
<Emisor>
<RUTEmisor>76979506-5</RUTEmisor>
<RznSoc>ESPECIALISTAS EN MANTENIMIENTO. SPA</RznSoc>
<GiroEmis>CONSTRUCCION DE OTRAS OBRAS DE INGENIERIA CIVIL</GiroEmis>
<Telefono>975883420</Telefono>
<Acteco>429000</Acteco>
<DirOrigen>quillay 467 villa presidente rio </DirOrigen>
<CmnaOrigen>TALCAHUANO</CmnaOrigen>
<CiudadOrigen>CONCEPCION</CiudadOrigen>
</Emisor>
<Receptor>
<RUTRecep>77813960-K</RUTRecep>
<RznSocRecep>AMULEN CONSULTORES LTDA</RznSocRecep>
<GiroRecep>GIRO RECEPTOR</GiroRecep>
<DirRecep>URMENETA 305 OFICINA 513</DirRecep>
<CmnaRecep>PUERTO MONTT</CmnaRecep>
<CiudadRecep>PUERTO MONTT</CiudadRecep>
</Receptor>
<Totales>
<MntNeto>500000</MntNeto>
<TasaIVA>19</TasaIVA>
<IVA>95000</IVA>
<MntTotal>595000</MntTotal>
</Totales>
</Encabezado>
<Detalle>
<NroLinDet>1</NroLinDet>
<CdgItem>
<TpoCodigo>INT</TpoCodigo>
<VlrCodigo>001</VlrCodigo>
</CdgItem>
<NmbItem>SERVIDOR HP</NmbItem>
<DscItem/>
<QtyItem>1</QtyItem>
<UnmdItem>UN</UnmdItem>
<PrcItem>500000</PrcItem>
<MontoItem>500000</MontoItem>
</Detalle>
</Documento>
</DTE>
