<?xml version="1.0" encoding="ISO-8859-1"?>
<DTE version="1.0">
 <Documento ID="DOC4">
  <Encabezado>
   <IdDoc>
    <TipoDTE>39</TipoDTE>
    <Folio>4</Folio>
    <FchEmis>2022-11-07</FchEmis>
    <IndServicio>3</IndServicio>
   </IdDoc>
   <Emisor>
     <RUTEmisor>77560425-5</RUTEmisor>
    <RznSocEmisor>D Y D SPA</RznSocEmisor>
    <GiroEmisor>COMERCIALIZACION DE ALIMENTOS</GiroEmisor>
    <CdgSIISucur>1</CdgSIISucur>
    <DirOrigen>ALTOS DEL PARQUE SUR 5800, LOCAL 205, SUP. TOTTUS</DirOrigen>
    <CmnaOrigen>penalolen</CmnaOrigen>
    <CiudadOrigen>penalolen</CiudadOrigen>
   </Emisor>
   <Receptor>
    <RUTRecep>7485497-4</RUTRecep>
    <RznSocRecep>OMAR GUENUL VELASQUEZ</RznSocRecep>
   </Receptor>
   <Totales>
    <MntNeto>10689</MntNeto>
    <MntExe>2000</MntExe>
    <IVA>2031</IVA>
    <MntTotal>14720</MntTotal>
   </Totales>
  </Encabezado>
    <Detalle>
   <NroLinDet>1</NroLinDet>
   <CdgItem>
    <TpoCodigo>INT</TpoCodigo>
    <VlrCodigo>6</VlrCodigo>
   </CdgItem>
   <NmbItem>item afecto 1</NmbItem>
   <DscItem>item afecto 1</DscItem>
   <QtyItem>8</QtyItem>
   <PrcItem>1590</PrcItem>
   <MontoItem>12720</MontoItem>
  </Detalle>
  <Detalle>
   <NroLinDet>2</NroLinDet>
   <CdgItem>
    <TpoCodigo>INT</TpoCodigo>
    <VlrCodigo>7</VlrCodigo>
   </CdgItem>
   <IndExe>1</IndExe>
   <NmbItem>item exento 2</NmbItem>
   <DscItem>item exento 2</DscItem>
   <QtyItem>2</QtyItem>
   <PrcItem>1000</PrcItem>
   <MontoItem>2000</MontoItem>
  </Detalle>
  <Referencia>
  <NroLinRef>1</NroLinRef>
  <CodRef>SET</CodRef>
  <RazonRef>CASO-4</RazonRef>
</Referencia>
</Documento>
</DTE>
