<?xml version="1.0" encoding="ISO-8859-1" standalone="no"?>
<DTE version="1.0">
<Documento ID="DOC1">
<Encabezado>
<IdDoc>
<TipoDTE>33</TipoDTE>
<Folio>42</Folio>
<FchEmis>2022-08-26</FchEmis>
</IdDoc>
<Emisor>
<RUTEmisor>76979506-5</RUTEmisor>
<RznSoc>ESPECIALISTAS EN MANTENIMIENTO. SPA</RznSoc>
<GiroEmis>CONSTRUCCION DE OTRAS OBRAS DE INGENIERIA CIVIL</GiroEmis>
<Telefono>975883420</Telefono>
<Acteco>429000</Acteco>
<DirOrigen>quillay 467 villa presidente rio </DirOrigen>
<CmnaOrigen>TALCAHUANO</CmnaOrigen>
<CiudadOrigen>CONCEPCION</CiudadOrigen>
</Emisor>
<Receptor>
<RUTRecep>77813960-K</RUTRecep>
<RznSocRecep>AMULEN CONSULTORES LTDA</RznSocRecep>
<GiroRecep>GIRO RECEPTOR</GiroRecep>
<DirRecep>URMENETA 305 OFICINA 513</DirRecep>
<CmnaRecep>PUERTO MONTT</CmnaRecep>
<CiudadRecep>PUERTO MONTT</CiudadRecep>
</Receptor>
<Totales>
<MntNeto>473654</MntNeto>
<TasaIVA>19</TasaIVA>
<IVA>89994</IVA>
<MntTotal>563648</MntTotal>
</Totales>
</Encabezado>
<Detalle>
<NroLinDet>1</NroLinDet>
<CdgItem>
<TpoCodigo>INT</TpoCodigo>
<VlrCodigo>20</VlrCodigo>
</CdgItem>
<NmbItem>Caj�n AFECTO</NmbItem>
<DscItem/>
<QtyItem>142</QtyItem>
<UnmdItem>UN</UnmdItem>
<PrcItem>1967</PrcItem>
<MontoItem>279314</MontoItem>
</Detalle>
<Detalle>
<NroLinDet>2</NroLinDet>
<CdgItem>
<TpoCodigo>INT</TpoCodigo>
<VlrCodigo>21</VlrCodigo>
</CdgItem>
<NmbItem>Relleno AFECTO</NmbItem>
<DscItem>Relleno AFECTO</DscItem>
<QtyItem>60</QtyItem>
<UnmdItem>UN</UnmdItem>
<PrcItem>3239</PrcItem>
<MontoItem>194340</MontoItem>
</Detalle>
<Referencia>
<NroLinRef>1</NroLinRef>
<TpoDocRef>SET</TpoDocRef>
<FolioRef>42</FolioRef>
<FchRef>2022-08-26</FchRef>
<RazonRef>CASO 3354202-1</RazonRef>
</Referencia>
 </Documento>
</DTE>