<?xml version="1.0" encoding="ISO-8859-1"?>
<LibroCompraVenta xmlns="http://www.sii.cl/SiiDte" xmlns:xsi="http://www.w3.org/2001/XMLSchema-instance" version="1.0" xsi:schemaLocation="http://www.sii.cl/SiiDte LibroCV_v10.xsd">
<EnvioLibro ID="LIBROVENTA">
<Caratula>
<RutEmisorLibro>76979506-5</RutEmisorLibro>
<RutEnvia>16601661-4</RutEnvia>
<PeriodoTributario>2022-08</PeriodoTributario>
<FchResol>2022-08-20</FchResol>
<NroResol>0</NroResol>
<TipoOperacion>VENTA</TipoOperacion>
<TipoLibro>ESPECIAL</TipoLibro>
<TipoEnvio>TOTAL</TipoEnvio>
<FolioNotificacion>1</FolioNotificacion>
</Caratula>
<ResumenPeriodo>
<TotalesPeriodo>
<TpoDoc>33</TpoDoc>
<TotDoc>4</TotDoc>
<TotMntExe>48532</TotMntExe>
<TotMntNeto>4522904</TotMntNeto>
<TotMntIVA>859352</TotMntIVA>
<TotIVAFueraPlazo>0</TotIVAFueraPlazo>
<TotMntTotal>5430788</TotMntTotal>
</TotalesPeriodo>
<TotalesPeriodo>
<TpoDoc>56</TpoDoc>
<TotDoc>1</TotDoc>
<TotMntExe>0</TotMntExe>
<TotMntNeto>0</TotMntNeto>
<TotMntIVA>0</TotMntIVA>
<TotIVAFueraPlazo>0</TotIVAFueraPlazo>
<TotMntTotal>0</TotMntTotal>
</TotalesPeriodo>
<TotalesPeriodo>
<TpoDoc>61</TpoDoc>
<TotDoc>3</TotDoc>
<TotMntExe>34944</TotMntExe>
<TotMntNeto>1882740</TotMntNeto>
<TotMntIVA>357720</TotMntIVA>
<TotIVAFueraPlazo>0</TotIVAFueraPlazo>
<TotMntTotal>2275404</TotMntTotal>
</TotalesPeriodo>
</ResumenPeriodo>
<TmstFirma>2022-08-30T10:00:00</TmstFirma>	
</EnvioLibro>
</LibroCompraVenta>
