<?xml version="1.0" encoding="iso-8859-1" ?>
<LibroGuia xmlns:xsi="http://www.w3.org/2001/XMLSchema-instance" xsi:schemaLocation="http://www.sii.cl/SiiDte LibroGuia_v10.xsd" version="1.0"
    xmlns="http://www.sii.cl/SiiDte">
    <EnvioLibro ID="ID_LIBRO_GUIAS_">
        <Caratula>
            <RutEmisorLibro>11111111-1</RutEmisorLibro>
            <RutEnvia>22222222-2</RutEnvia>
            <PeriodoTributario>2020-01</PeriodoTributario>
            <FchResol>2016-04-28</FchResol>
            <NroResol>0</NroResol>
            <TipoLibro>ESPECIAL</TipoLibro>
            <TipoEnvio>TOTAL</TipoEnvio>
            <FolioNotificacion>3</FolioNotificacion>
        </Caratula>
        <ResumenPeriodo>
            <TotGuiaAnulada>1</TotGuiaAnulada>
            <TotGuiaVenta>1</TotGuiaVenta>
            <TotMntGuiaVta>3227004</TotMntGuiaVta>
            <TotTraslado>
                <TpoTraslado>5</TpoTraslado>
                <CantGuia>1</CantGuia>
                <MntGuia>0</MntGuia>
            </TotTraslado>
        </ResumenPeriodo>
        <Detalle>
            <Folio>1</Folio>
            <TpoOper>5</TpoOper>
            <MntTotal>0</MntTotal>
        </Detalle>
        <Detalle>
            <Folio>2</Folio>
            <TpoOper>1</TpoOper>
            <MntTotal>3227004</MntTotal>
        </Detalle>
        <Detalle>
            <Folio>3</Folio>
            <Anulado>2</Anulado>
            <TpoOper>1</TpoOper>
            <MntTotal>2405316</MntTotal>
        </Detalle>
        <TmstFirma>2020-01-18T00:52:42</TmstFirma>
    </EnvioLibro>
    <Signature xmlns="http://www.w3.org/2000/09/xmldsig#">...</Signature>
</LibroGuia>
