<?xml version="1.0" encoding="ISO-8859-1"?>
<DTE version="1.0">
 <Documento ID="DOC5">
  <Encabezado>
   <IdDoc>
    <TipoDTE>39</TipoDTE>
    <Folio>5</Folio>
    <FchEmis>2022-12-15</FchEmis>
    <IndServicio>3</IndServicio>
   </IdDoc>
    <Emisor>
   	<RUTEmisor>14438378-8</RUTEmisor>
    <RznSocEmisor>LEINA ANDRAWES BOULES HEJAZEEN</RznSocEmisor>
    <GiroEmisor>COMERCIALIZACION DE ALIMENTOS</GiroEmisor>
    <CdgSIISucur>1</CdgSIISucur>
    <DirOrigen>ALTOS DEL PARQUE SUR 5800, LOCAL 205, SUP. TOTTUS</DirOrigen>
    <CmnaOrigen>penalolen</CmnaOrigen>
    <CiudadOrigen>penalolen</CiudadOrigen>
   </Emisor>
   <Receptor>
    <RUTRecep>13968481-8</RUTRecep>
    <RznSocRecep>ESTEBAN GUENUL ALMONACID</RznSocRecep>
   </Receptor>
   <Totales>
    <MntNeto>2941</MntNeto>
    <IVA>559</IVA>
    <MntTotal>3500</MntTotal>
   </Totales>
  </Encabezado>
    <Detalle>
   <NroLinDet>1</NroLinDet>
   <CdgItem>
    <TpoCodigo>INT</TpoCodigo>
    <VlrCodigo>8</VlrCodigo>
   </CdgItem>
   <NmbItem>Arroz</NmbItem>
   <DscItem>Arroz</DscItem>
   <QtyItem>5</QtyItem>
   <UnmdItem>Kg</UnmdItem>
   <PrcItem>700</PrcItem>
   <MontoItem>3500</MontoItem>
  </Detalle>
   <Referencia>
   <NroLinRef>1</NroLinRef>
   <CodRef>SET</CodRef>
   <RazonRef>CASO-5</RazonRef>
   </Referencia>
   </Documento>
   </DTE>
