<?xml version="1.0" encoding="ISO-8859-1"?>
<DTE version="1.0">
 <Documento ID="DOC2">
  <Encabezado>
   <IdDoc>
    <TipoDTE>39</TipoDTE>
    <Folio>2</Folio>
    <FchEmis>2022-12-15</FchEmis>
    <IndServicio>3</IndServicio>
   </IdDoc>
    <Emisor>
    <RUTEmisor>14438378-8</RUTEmisor>
    <RznSocEmisor>LEINA ANDRAWES BOULES HEJAZEEN</RznSocEmisor>
	<GiroEmisor>COMERCIALIZACION DE ALIMENTOS</GiroEmisor>
    <CdgSIISucur>1</CdgSIISucur>
    <DirOrigen>ALTOS DEL PARQUE SUR 5800, LOCAL 205, SUP. TOTTUS</DirOrigen>
    <CmnaOrigen>penalolen</CmnaOrigen>
    <CiudadOrigen>penalolen</CiudadOrigen>
   </Emisor>
   <Receptor>
    <RUTRecep>7485497-4</RUTRecep>
    <RznSocRecep>OMAR GUENUL VELASQUEZ</RznSocRecep>
   </Receptor>
   <Totales>
     <MntNeto>1714</MntNeto>
     <IVA>326</IVA>
    <MntTotal>2040</MntTotal>
   </Totales>
  </Encabezado>
   <Detalle>
   <NroLinDet>1</NroLinDet>
   <CdgItem>
    <TpoCodigo>INT</TpoCodigo>
    <VlrCodigo>3</VlrCodigo>
   </CdgItem>
   <NmbItem>Papel de regalo</NmbItem>
   <DscItem>Papel de regalo</DscItem>
   <QtyItem>17</QtyItem>
   <PrcItem>120</PrcItem>
   <MontoItem>2040</MontoItem>
  </Detalle>
   <Referencia>
   <NroLinRef>1</NroLinRef>
   <CodRef>SET</CodRef>
   <RazonRef>CASO-2</RazonRef>
  </Referencia>
</Documento>
 </DTE>  
