<?xml version="1.0" encoding="ISO-8859-1"?>
<ConsumoFolios xmlns="http://www.sii.cl/SiiDte" xmlns:xsi="http://www.w3.org/2001/XMLSchema-instance" version="1.0" xsi:schemaLocation="http://www.sii.cl/SiiDte ConsumoFolio_v10.xsd">
<DocumentoConsumoFolios ID="RCOF_01">
<Caratula version="1.0">
<RutEmisor>14438378-8</RutEmisor>
<RutEnvia>14438378-8</RutEnvia>
<FchResol>2022-12-15</FchResol>
<NroResol>0</NroResol>
<FchInicio>2022-12-15</FchInicio>
<FchFinal>2022-12-15</FchFinal>
<SecEnvio>1</SecEnvio>
<TmstFirmaEnv>2022-12-15T17:27:00</TmstFirmaEnv>
</Caratula>
<Resumen>
<TipoDocumento>39</TipoDocumento>
<MntNeto>43831</MntNeto>
<MntIva>8329</MntIva>
<TasaIVA>19</TasaIVA>
<MntExento>2000</MntExento>
<MntTotal>54160</MntTotal>
<FoliosEmitidos>5</FoliosEmitidos>
<FoliosAnulados>0</FoliosAnulados>
<FoliosUtilizados>5</FoliosUtilizados>
<RangoUtilizados>
<Inicial>1</Inicial>
<Final>5</Final>
</RangoUtilizados>
</Resumen>
</DocumentoConsumoFolios>
</ConsumoFolios>
