<?xml version="1.0" encoding="ISO-8859-1" standalone="no"?>
<DTE version="1.0">
<Documento ID="DOC1">
<Encabezado>
<IdDoc>
<TipoDTE>33</TipoDTE>
<Folio>141</Folio>
<FchEmis>2022-09-08</FchEmis>
</IdDoc>
<Emisor>
<RUTEmisor>76979506-5</RUTEmisor>
<RznSoc>ESPECIALISTAS EN MANTENIMIENTO. SPA</RznSoc>
<GiroEmis>CONSTRUCCION DE OTRAS OBRAS DE INGENIERIA CIVIL</GiroEmis>
<Telefono>975883420</Telefono>
<Acteco>429000</Acteco>
<DirOrigen>quillay 467 villa presidente rio </DirOrigen>
<CmnaOrigen>TALCAHUANO</CmnaOrigen>
<CiudadOrigen>CONCEPCION</CiudadOrigen>
</Emisor>
<Receptor>
<RUTRecep>77813960-K</RUTRecep>
<RznSocRecep>AMULEN CONSULTORES LTDA</RznSocRecep>
<GiroRecep>GIRO RECEPTOR</GiroRecep>
<DirRecep>URMENETA 305 OFICINA 513</DirRecep>
<CmnaRecep>PUERTO MONTT</CmnaRecep>
<CiudadRecep>PUERTO MONTT</CiudadRecep>
</Receptor>
<Totales>
<MntNeto>906618</MntNeto>
<TasaIVA>19</TasaIVA>
<IVA>172257</IVA>
<MntTotal>1078875</MntTotal>
</Totales>
</Encabezado>
<Detalle>
<NroLinDet>1</NroLinDet>
<CdgItem>
<TpoCodigo>INT</TpoCodigo>
<VlrCodigo>20</VlrCodigo>
</CdgItem>
<NmbItem>Caj&#243;n AFECTO</NmbItem>
<DscItem/>
<QtyItem>164</QtyItem>
<UnmdItem>UN</UnmdItem>
<PrcItem>3252</PrcItem>
<MontoItem>533328</MontoItem>
</Detalle>
<Detalle>
<NroLinDet>2</NroLinDet>
<CdgItem>
<TpoCodigo>INT</TpoCodigo>
<VlrCodigo>21</VlrCodigo>
</CdgItem>
<NmbItem>Relleno AFECTO</NmbItem>
<DscItem>Relleno AFECTO</DscItem>
<QtyItem>69</QtyItem>
<UnmdItem>UN</UnmdItem>
<PrcItem>5410</PrcItem>
<MontoItem>373290</MontoItem>
</Detalle>
<Referencia>
<NroLinRef>1</NroLinRef>
<TpoDocRef>SET</TpoDocRef>
<FolioRef>141</FolioRef>
<FchRef>2022-09-08</FchRef>
<RazonRef>CASO 3377020-1</RazonRef>
</Referencia>
</Documento>
</DTE>
