<?xml version="1.0" encoding="ISO-8859-1" standalone="no"?>
<DTE version="1.0">
<Documento ID="DOC2">
<Encabezado>
<IdDoc>
<TipoDTE>33</TipoDTE>
<Folio>142</Folio>
<FchEmis>2022-09-08</FchEmis>
</IdDoc>
<Emisor>
<RUTEmisor>76979506-5</RUTEmisor>
<RznSoc>ESPECIALISTAS EN MANTENIMIENTO. SPA</RznSoc>
<GiroEmis>CONSTRUCCION DE OTRAS OBRAS DE INGENIERIA CIVIL</GiroEmis>
<Telefono>975883420</Telefono>
<Acteco>429000</Acteco>
<DirOrigen>quillay 467 villa presidente rio </DirOrigen>
<CmnaOrigen>TALCAHUANO</CmnaOrigen>
<CiudadOrigen>CONCEPCION</CiudadOrigen>
</Emisor>
<Receptor>
<RUTRecep>77813960-K</RUTRecep>
<RznSocRecep>AMULEN CONSULTORES LTDA</RznSocRecep>
<GiroRecep>GIRO RECEPTOR</GiroRecep>
<DirRecep>URMENETA 305 OFICINA 513</DirRecep>
<CmnaRecep>PUERTO MONTT</CmnaRecep>
<CiudadRecep>PUERTO MONTT</CiudadRecep>
</Receptor>
<Totales>
<MntNeto>5910440</MntNeto>
<TasaIVA>19</TasaIVA>
<IVA>1122984</IVA>
<MntTotal>7033424</MntTotal>
</Totales>
</Encabezado>
<Detalle>
<NroLinDet>1</NroLinDet>
<CdgItem>
<TpoCodigo>INT</TpoCodigo>
<VlrCodigo>22</VlrCodigo>
</CdgItem>
<NmbItem>Pa&#241;uelo AFECTO</NmbItem>
<DscItem>Pa&#241;uelo AFECTO</DscItem>
<QtyItem>710</QtyItem>
<UnmdItem>UN</UnmdItem>
<PrcItem>5507</PrcItem>
<DescuentoPct>9</DescuentoPct>
<DescuentoMonto>351897</DescuentoMonto>
<MontoItem>3558073</MontoItem>
</Detalle>
<Detalle>
<NroLinDet>2</NroLinDet>
<CdgItem>
<TpoCodigo>INT</TpoCodigo>
<VlrCodigo>23</VlrCodigo>
</CdgItem>
<NmbItem>ITEM 2 AFECTO</NmbItem>
<DscItem>ITEM 2 AFECTO</DscItem>
<QtyItem>653</QtyItem>
<UnmdItem>UN</UnmdItem>
<PrcItem>4560</PrcItem>
<DescuentoPct>21</DescuentoPct>
<DescuentoMonto>625313</DescuentoMonto>
<MontoItem>2352367</MontoItem>
</Detalle>
<Referencia>
<NroLinRef>1</NroLinRef>
<TpoDocRef>SET</TpoDocRef>
<FolioRef>142</FolioRef>
<FchRef>2022-09-08</FchRef>
<RazonRef>CASO 3377020-2</RazonRef>
</Referencia>
</Documento>
</DTE>
