<?xml version="1.0" encoding="ISO-8859-1" standalone="no"?><DTE version="1.0">
<Documento ID="DOC4">
<Encabezado>
<IdDoc>
<TipoDTE>33</TipoDTE>
<Folio>144</Folio>
<FchEmis>2022-09-08</FchEmis>
</IdDoc>
<Emisor>
<RUTEmisor>76979506-5</RUTEmisor>
<RznSoc>ESPECIALISTAS EN MANTENIMIENTO. SPA</RznSoc>
<GiroEmis>CONSTRUCCION DE OTRAS OBRAS DE INGENIERIA CIVIL</GiroEmis>
<Telefono>975883420</Telefono>
<Acteco>429000</Acteco>
<DirOrigen>quillay 467 villa presidente rio </DirOrigen>
<CmnaOrigen>TALCAHUANO</CmnaOrigen>
<CiudadOrigen>CONCEPCION</CiudadOrigen>
</Emisor>
<Receptor>
<RUTRecep>77813960-K</RUTRecep>
<RznSocRecep>AMULEN CONSULTORES LTDA</RznSocRecep>
<GiroRecep>GIRO RECEPTOR</GiroRecep>
<DirRecep>URMENETA 305 OFICINA 513</DirRecep>
<CmnaRecep>PUERTO MONTT</CmnaRecep>
<CiudadRecep>PUERTO MONTT</CiudadRecep>
</Receptor>
<Totales>
<MntNeto>2524383</MntNeto>
<MntExe>13654</MntExe>
<TasaIVA>19</TasaIVA>
<IVA>479633</IVA>
<MntTotal>3017670</MntTotal>
</Totales>
</Encabezado>
<Detalle>
<NroLinDet>1</NroLinDet>
<CdgItem>
<TpoCodigo>INT</TpoCodigo>
<VlrCodigo>26</VlrCodigo>
</CdgItem>
<NmbItem>ITEM 1 AFECTO</NmbItem>
<DscItem>ITEM 1 AFECTO</DscItem>
<QtyItem>383</QtyItem>
<UnmdItem>UN</UnmdItem>
<PrcItem>5524</PrcItem>
<MontoItem>2115692</MontoItem>
</Detalle>
<Detalle>
<NroLinDet>2</NroLinDet>
<CdgItem>
<TpoCodigo>INT</TpoCodigo>
<VlrCodigo>23</VlrCodigo>
</CdgItem>
<NmbItem>ITEM 2 AFECTO</NmbItem>
<DscItem>ITEM 2 AFECTO</DscItem>
<QtyItem>162</QtyItem>
<UnmdItem>UN</UnmdItem>
<PrcItem>6665</PrcItem>
<MontoItem>1079730</MontoItem>
</Detalle>
<Detalle>
<NroLinDet>3</NroLinDet>
<CdgItem>
<TpoCodigo>INT</TpoCodigo>
<VlrCodigo>25</VlrCodigo>
</CdgItem>
<IndExe>1</IndExe>
<NmbItem>ITEM 3 SERVICIO EXENTO</NmbItem>
<DscItem>ITEM 3 SERVICIO EXENTO</DscItem>
<QtyItem>2</QtyItem>
<UnmdItem>UN</UnmdItem>
<PrcItem>6827</PrcItem>
<MontoItem>13654</MontoItem>
</Detalle>
<DscRcgGlobal>
<NroLinDR>1</NroLinDR>
<TpoMov>D</TpoMov>
<GlosaDR>Porcentaje Variable</GlosaDR>
<TpoValor>%</TpoValor>
<ValorDR>21</ValorDR>
</DscRcgGlobal>
<Referencia>
<NroLinRef>1</NroLinRef>
<TpoDocRef>SET</TpoDocRef>
<FolioRef>144</FolioRef>
<FchRef>2022-09-08</FchRef>
<RazonRef>CASO 3377020-4</RazonRef> 
</Referencia>
</Documento>
</DTE>
